--
-- PostgreSQL database dump
--

\restrict aydbhoxlNdJYSPifNMsMivD0yMIWUwmu0EabqV76G7dAM16tdJvhfoCqRh77aia

-- Dumped from database version 17.7
-- Dumped by pg_dump version 17.7

SET statement_timeout = 0;
SET lock_timeout = 0;
SET idle_in_transaction_session_timeout = 0;
SET transaction_timeout = 0;
SET client_encoding = 'UTF8';
SET standard_conforming_strings = on;
SELECT pg_catalog.set_config('search_path', '', false);
SET check_function_bodies = false;
SET xmloption = content;
SET client_min_messages = warning;
SET row_security = off;

SET default_tablespace = '';

SET default_table_access_method = heap;

--
-- Name: auth_group; Type: TABLE; Schema: public; Owner: postgres
--

CREATE TABLE public.auth_group (
    id integer NOT NULL,
    name character varying(150) NOT NULL
);


ALTER TABLE public.auth_group OWNER TO postgres;

--
-- Name: auth_group_id_seq; Type: SEQUENCE; Schema: public; Owner: postgres
--

ALTER TABLE public.auth_group ALTER COLUMN id ADD GENERATED BY DEFAULT AS IDENTITY (
    SEQUENCE NAME public.auth_group_id_seq
    START WITH 1
    INCREMENT BY 1
    NO MINVALUE
    NO MAXVALUE
    CACHE 1
);


--
-- Name: auth_group_permissions; Type: TABLE; Schema: public; Owner: postgres
--

CREATE TABLE public.auth_group_permissions (
    id bigint NOT NULL,
    group_id integer NOT NULL,
    permission_id integer NOT NULL
);


ALTER TABLE public.auth_group_permissions OWNER TO postgres;

--
-- Name: auth_group_permissions_id_seq; Type: SEQUENCE; Schema: public; Owner: postgres
--

ALTER TABLE public.auth_group_permissions ALTER COLUMN id ADD GENERATED BY DEFAULT AS IDENTITY (
    SEQUENCE NAME public.auth_group_permissions_id_seq
    START WITH 1
    INCREMENT BY 1
    NO MINVALUE
    NO MAXVALUE
    CACHE 1
);


--
-- Name: auth_permission; Type: TABLE; Schema: public; Owner: postgres
--

CREATE TABLE public.auth_permission (
    id integer NOT NULL,
    name character varying(255) NOT NULL,
    content_type_id integer NOT NULL,
    codename character varying(100) NOT NULL
);


ALTER TABLE public.auth_permission OWNER TO postgres;

--
-- Name: auth_permission_id_seq; Type: SEQUENCE; Schema: public; Owner: postgres
--

ALTER TABLE public.auth_permission ALTER COLUMN id ADD GENERATED BY DEFAULT AS IDENTITY (
    SEQUENCE NAME public.auth_permission_id_seq
    START WITH 1
    INCREMENT BY 1
    NO MINVALUE
    NO MAXVALUE
    CACHE 1
);


--
-- Name: auth_user; Type: TABLE; Schema: public; Owner: postgres
--

CREATE TABLE public.auth_user (
    id integer NOT NULL,
    password character varying(128) NOT NULL,
    last_login timestamp with time zone,
    is_superuser boolean NOT NULL,
    username character varying(150) NOT NULL,
    first_name character varying(150) NOT NULL,
    last_name character varying(150) NOT NULL,
    email character varying(254) NOT NULL,
    is_staff boolean NOT NULL,
    is_active boolean NOT NULL,
    date_joined timestamp with time zone NOT NULL
);


ALTER TABLE public.auth_user OWNER TO postgres;

--
-- Name: auth_user_groups; Type: TABLE; Schema: public; Owner: postgres
--

CREATE TABLE public.auth_user_groups (
    id bigint NOT NULL,
    user_id integer NOT NULL,
    group_id integer NOT NULL
);


ALTER TABLE public.auth_user_groups OWNER TO postgres;

--
-- Name: auth_user_groups_id_seq; Type: SEQUENCE; Schema: public; Owner: postgres
--

ALTER TABLE public.auth_user_groups ALTER COLUMN id ADD GENERATED BY DEFAULT AS IDENTITY (
    SEQUENCE NAME public.auth_user_groups_id_seq
    START WITH 1
    INCREMENT BY 1
    NO MINVALUE
    NO MAXVALUE
    CACHE 1
);


--
-- Name: auth_user_id_seq; Type: SEQUENCE; Schema: public; Owner: postgres
--

ALTER TABLE public.auth_user ALTER COLUMN id ADD GENERATED BY DEFAULT AS IDENTITY (
    SEQUENCE NAME public.auth_user_id_seq
    START WITH 1
    INCREMENT BY 1
    NO MINVALUE
    NO MAXVALUE
    CACHE 1
);


--
-- Name: auth_user_user_permissions; Type: TABLE; Schema: public; Owner: postgres
--

CREATE TABLE public.auth_user_user_permissions (
    id bigint NOT NULL,
    user_id integer NOT NULL,
    permission_id integer NOT NULL
);


ALTER TABLE public.auth_user_user_permissions OWNER TO postgres;

--
-- Name: auth_user_user_permissions_id_seq; Type: SEQUENCE; Schema: public; Owner: postgres
--

ALTER TABLE public.auth_user_user_permissions ALTER COLUMN id ADD GENERATED BY DEFAULT AS IDENTITY (
    SEQUENCE NAME public.auth_user_user_permissions_id_seq
    START WITH 1
    INCREMENT BY 1
    NO MINVALUE
    NO MAXVALUE
    CACHE 1
);


--
-- Name: django_admin_log; Type: TABLE; Schema: public; Owner: postgres
--

CREATE TABLE public.django_admin_log (
    id integer NOT NULL,
    action_time timestamp with time zone NOT NULL,
    object_id text,
    object_repr character varying(200) NOT NULL,
    action_flag smallint NOT NULL,
    change_message text NOT NULL,
    content_type_id integer,
    user_id integer NOT NULL,
    CONSTRAINT django_admin_log_action_flag_check CHECK ((action_flag >= 0))
);


ALTER TABLE public.django_admin_log OWNER TO postgres;

--
-- Name: django_admin_log_id_seq; Type: SEQUENCE; Schema: public; Owner: postgres
--

ALTER TABLE public.django_admin_log ALTER COLUMN id ADD GENERATED BY DEFAULT AS IDENTITY (
    SEQUENCE NAME public.django_admin_log_id_seq
    START WITH 1
    INCREMENT BY 1
    NO MINVALUE
    NO MAXVALUE
    CACHE 1
);


--
-- Name: django_content_type; Type: TABLE; Schema: public; Owner: postgres
--

CREATE TABLE public.django_content_type (
    id integer NOT NULL,
    app_label character varying(100) NOT NULL,
    model character varying(100) NOT NULL
);


ALTER TABLE public.django_content_type OWNER TO postgres;

--
-- Name: django_content_type_id_seq; Type: SEQUENCE; Schema: public; Owner: postgres
--

ALTER TABLE public.django_content_type ALTER COLUMN id ADD GENERATED BY DEFAULT AS IDENTITY (
    SEQUENCE NAME public.django_content_type_id_seq
    START WITH 1
    INCREMENT BY 1
    NO MINVALUE
    NO MAXVALUE
    CACHE 1
);


--
-- Name: django_migrations; Type: TABLE; Schema: public; Owner: postgres
--

CREATE TABLE public.django_migrations (
    id bigint NOT NULL,
    app character varying(255) NOT NULL,
    name character varying(255) NOT NULL,
    applied timestamp with time zone NOT NULL
);


ALTER TABLE public.django_migrations OWNER TO postgres;

--
-- Name: django_migrations_id_seq; Type: SEQUENCE; Schema: public; Owner: postgres
--

ALTER TABLE public.django_migrations ALTER COLUMN id ADD GENERATED BY DEFAULT AS IDENTITY (
    SEQUENCE NAME public.django_migrations_id_seq
    START WITH 1
    INCREMENT BY 1
    NO MINVALUE
    NO MAXVALUE
    CACHE 1
);


--
-- Name: django_session; Type: TABLE; Schema: public; Owner: postgres
--

CREATE TABLE public.django_session (
    session_key character varying(40) NOT NULL,
    session_data text NOT NULL,
    expire_date timestamp with time zone NOT NULL
);


ALTER TABLE public.django_session OWNER TO postgres;

--
-- Name: eventos_alumno; Type: TABLE; Schema: public; Owner: postgres
--

CREATE TABLE public.eventos_alumno (
    id bigint NOT NULL,
    rut character varying(12) NOT NULL,
    user_id integer NOT NULL,
    carrera_id bigint
);


ALTER TABLE public.eventos_alumno OWNER TO postgres;

--
-- Name: eventos_alumno_id_seq; Type: SEQUENCE; Schema: public; Owner: postgres
--

ALTER TABLE public.eventos_alumno ALTER COLUMN id ADD GENERATED BY DEFAULT AS IDENTITY (
    SEQUENCE NAME public.eventos_alumno_id_seq
    START WITH 1
    INCREMENT BY 1
    NO MINVALUE
    NO MAXVALUE
    CACHE 1
);


--
-- Name: eventos_carrera; Type: TABLE; Schema: public; Owner: postgres
--

CREATE TABLE public.eventos_carrera (
    id bigint NOT NULL,
    nombre character varying(100) NOT NULL
);


ALTER TABLE public.eventos_carrera OWNER TO postgres;

--
-- Name: eventos_carrera_id_seq; Type: SEQUENCE; Schema: public; Owner: postgres
--

ALTER TABLE public.eventos_carrera ALTER COLUMN id ADD GENERATED BY DEFAULT AS IDENTITY (
    SEQUENCE NAME public.eventos_carrera_id_seq
    START WITH 1
    INCREMENT BY 1
    NO MINVALUE
    NO MAXVALUE
    CACHE 1
);


--
-- Name: eventos_evento; Type: TABLE; Schema: public; Owner: postgres
--

CREATE TABLE public.eventos_evento (
    id bigint NOT NULL,
    titulo character varying(200) NOT NULL,
    descripcion text NOT NULL,
    fecha date NOT NULL,
    hora_inicio time without time zone NOT NULL,
    hora_fin time without time zone NOT NULL,
    cupo_maximo integer NOT NULL,
    CONSTRAINT eventos_evento_cupo_maximo_check CHECK ((cupo_maximo >= 0))
);


ALTER TABLE public.eventos_evento OWNER TO postgres;

--
-- Name: eventos_evento_id_seq; Type: SEQUENCE; Schema: public; Owner: postgres
--

ALTER TABLE public.eventos_evento ALTER COLUMN id ADD GENERATED BY DEFAULT AS IDENTITY (
    SEQUENCE NAME public.eventos_evento_id_seq
    START WITH 1
    INCREMENT BY 1
    NO MINVALUE
    NO MAXVALUE
    CACHE 1
);


--
-- Name: eventos_inscripcion; Type: TABLE; Schema: public; Owner: postgres
--

CREATE TABLE public.eventos_inscripcion (
    id bigint NOT NULL,
    fecha_inscripcion timestamp with time zone NOT NULL,
    alumno_id bigint NOT NULL,
    evento_id bigint NOT NULL
);


ALTER TABLE public.eventos_inscripcion OWNER TO postgres;

--
-- Name: eventos_inscripcion_id_seq; Type: SEQUENCE; Schema: public; Owner: postgres
--

ALTER TABLE public.eventos_inscripcion ALTER COLUMN id ADD GENERATED BY DEFAULT AS IDENTITY (
    SEQUENCE NAME public.eventos_inscripcion_id_seq
    START WITH 1
    INCREMENT BY 1
    NO MINVALUE
    NO MAXVALUE
    CACHE 1
);


--
-- Data for Name: auth_group; Type: TABLE DATA; Schema: public; Owner: postgres
--

COPY public.auth_group (id, name) FROM stdin;
\.


--
-- Data for Name: auth_group_permissions; Type: TABLE DATA; Schema: public; Owner: postgres
--

COPY public.auth_group_permissions (id, group_id, permission_id) FROM stdin;
\.


--
-- Data for Name: auth_permission; Type: TABLE DATA; Schema: public; Owner: postgres
--

COPY public.auth_permission (id, name, content_type_id, codename) FROM stdin;
1	Can add log entry	1	add_logentry
2	Can change log entry	1	change_logentry
3	Can delete log entry	1	delete_logentry
4	Can view log entry	1	view_logentry
5	Can add permission	2	add_permission
6	Can change permission	2	change_permission
7	Can delete permission	2	delete_permission
8	Can view permission	2	view_permission
9	Can add group	3	add_group
10	Can change group	3	change_group
11	Can delete group	3	delete_group
12	Can view group	3	view_group
13	Can add user	4	add_user
14	Can change user	4	change_user
15	Can delete user	4	delete_user
16	Can view user	4	view_user
17	Can add content type	5	add_contenttype
18	Can change content type	5	change_contenttype
19	Can delete content type	5	delete_contenttype
20	Can view content type	5	view_contenttype
21	Can add session	6	add_session
22	Can change session	6	change_session
23	Can delete session	6	delete_session
24	Can view session	6	view_session
25	Can add carrera	7	add_carrera
26	Can change carrera	7	change_carrera
27	Can delete carrera	7	delete_carrera
28	Can view carrera	7	view_carrera
29	Can add evento	8	add_evento
30	Can change evento	8	change_evento
31	Can delete evento	8	delete_evento
32	Can view evento	8	view_evento
33	Can add alumno	9	add_alumno
34	Can change alumno	9	change_alumno
35	Can delete alumno	9	delete_alumno
36	Can view alumno	9	view_alumno
37	Can add inscripcion	10	add_inscripcion
38	Can change inscripcion	10	change_inscripcion
39	Can delete inscripcion	10	delete_inscripcion
40	Can view inscripcion	10	view_inscripcion
\.


--
-- Data for Name: auth_user; Type: TABLE DATA; Schema: public; Owner: postgres
--

COPY public.auth_user (id, password, last_login, is_superuser, username, first_name, last_name, email, is_staff, is_active, date_joined) FROM stdin;
4	pbkdf2_sha256$1000000$I60pAgJut1bEg9YPiZ110K$ngKlOqvVhzS1j0UJLEzfcTGykM/Y/QK5TaNTsdAqVRM=	2025-12-08 11:25:13.000742-03	f	usuario2				f	t	2025-12-08 11:04:04.370581-03
3	pbkdf2_sha256$1000000$UE3nKoe5mUoU0mUcW4w4NI$qcFjjj6yPRbyNYDSnNYPGhP1x+MpSvPAkAo/mZrAHKI=	\N	f	Usuario				f	t	2025-12-07 23:34:00.884967-03
6	pbkdf2_sha256$1000000$KIgrTPvDr41DajuHFTbs3S$ForDbxDqw9OJ1V1Nsixoz4LS1XWa9hl1AwBe1EnCBqQ=	\N	f	ususario4				f	t	2025-12-08 11:44:14.216631-03
7	pbkdf2_sha256$1000000$5Ucgt8XCHUTQzClSwN4eIi$ttyLWDALsmqb86qNO3/sLfogRd5dnK4/lJEuDrb7+u4=	2025-12-08 11:47:27.002324-03	f	cesar				f	t	2025-12-08 11:44:46.685974-03
5	pbkdf2_sha256$1000000$A4z7CBcrRKBCfbadpPHP7y$bxuZLfFGsBClW8n6Uso6oZLAwZKqsU3pqRzxDwj0ZNU=	2025-12-08 11:48:03.264129-03	f	usuario3				f	t	2025-12-08 11:42:10.807797-03
8	pbkdf2_sha256$1000000$Lg9fY1bv4oqAUADqlxeXnx$mwf+QTkvQQu3shsOpcBqSMbzxOz8z1yeJc9AfmfuyVY=	2025-12-08 11:51:58.164388-03	f	ivan				f	t	2025-12-08 11:45:41.61982-03
1	pbkdf2_sha256$1000000$oWGC4NZT080VSUOZWWww8N$6ntJOzV0KMMzjvdO5ZNYPtp0Vqs3+glex9urpolpx/Y=	2025-12-08 11:55:18.20285-03	t	admin				t	t	2025-12-07 23:08:30.017548-03
\.


--
-- Data for Name: auth_user_groups; Type: TABLE DATA; Schema: public; Owner: postgres
--

COPY public.auth_user_groups (id, user_id, group_id) FROM stdin;
\.


--
-- Data for Name: auth_user_user_permissions; Type: TABLE DATA; Schema: public; Owner: postgres
--

COPY public.auth_user_user_permissions (id, user_id, permission_id) FROM stdin;
\.


--
-- Data for Name: django_admin_log; Type: TABLE DATA; Schema: public; Owner: postgres
--

COPY public.django_admin_log (id, action_time, object_id, object_repr, action_flag, change_message, content_type_id, user_id) FROM stdin;
1	2025-12-07 23:10:23.394402-03	2	ivan	1	[{"added": {}}]	4	1
2	2025-12-07 23:31:49.817355-03	1	Analista Programador	1	[{"added": {}}]	7	1
3	2025-12-07 23:32:07.227676-03	2	Contabilidad Gneral	1	[{"added": {}}]	7	1
4	2025-12-07 23:34:02.374677-03	3	Usuario	1	[{"added": {}}]	4	1
5	2025-12-07 23:34:22.884593-03	1	 	1	[{"added": {}}]	9	1
6	2025-12-07 23:42:20.482621-03	1	python manage.py runserver - 2025-12-08	1	[{"added": {}}]	8	1
7	2025-12-07 23:43:06.668399-03	2	Taller de Git y GitHub para estudiantes - 2025-12-09	1	[{"added": {}}]	8	1
8	2025-12-07 23:43:42.045745-03	3	Seminario: Salidas laborales en el área TI - 2025-12-16	1	[{"added": {}}]	8	1
9	2025-12-07 23:43:57.216818-03	3	Cyberseguridad	1	[{"added": {}}]	7	1
10	2025-12-07 23:48:10.136238-03	2	 	1	[{"added": {}}]	9	1
11	2025-12-07 23:51:12.620356-03	4	clases de tenis de mesa - 2025-12-18	1	[{"added": {}}]	8	1
12	2025-12-08 11:04:05.015482-03	4	usuario2	1	[{"added": {}}]	4	1
13	2025-12-08 11:04:20.67537-03	3	 	1	[{"added": {}}]	9	1
14	2025-12-08 11:42:11.445148-03	5	usuario3	1	[{"added": {}}]	4	1
15	2025-12-08 11:42:39.762255-03	2	ivan	3		4	1
16	2025-12-08 11:42:51.963061-03	3	Usuario	2	[{"changed": {"fields": ["password"]}}]	4	1
17	2025-12-08 11:43:08.978886-03	4	 	1	[{"added": {}}]	9	1
18	2025-12-08 11:43:31.324496-03	4	Administración de Empresas	1	[{"added": {}}]	7	1
19	2025-12-08 11:43:42.529251-03	5	Parvulos	1	[{"added": {}}]	7	1
20	2025-12-08 11:44:14.862965-03	6	ususario4	1	[{"added": {}}]	4	1
21	2025-12-08 11:44:27.658569-03	5	 	1	[{"added": {}}]	9	1
22	2025-12-08 11:44:47.370758-03	7	cesar	1	[{"added": {}}]	4	1
23	2025-12-08 11:45:06.403727-03	6	 	1	[{"added": {}}]	9	1
24	2025-12-08 11:45:25.238345-03	6	Tecnico en Redes	1	[{"added": {}}]	7	1
25	2025-12-08 11:45:42.265247-03	8	ivan	1	[{"added": {}}]	4	1
26	2025-12-08 11:45:56.134708-03	7	 	1	[{"added": {}}]	9	1
27	2025-12-08 11:47:14.222492-03	5	Charla Profesional - 2025-12-16	1	[{"added": {}}]	8	1
\.


--
-- Data for Name: django_content_type; Type: TABLE DATA; Schema: public; Owner: postgres
--

COPY public.django_content_type (id, app_label, model) FROM stdin;
1	admin	logentry
2	auth	permission
3	auth	group
4	auth	user
5	contenttypes	contenttype
6	sessions	session
7	eventos	carrera
8	eventos	evento
9	eventos	alumno
10	eventos	inscripcion
\.


--
-- Data for Name: django_migrations; Type: TABLE DATA; Schema: public; Owner: postgres
--

COPY public.django_migrations (id, app, name, applied) FROM stdin;
1	contenttypes	0001_initial	2025-12-03 17:35:53.000312-03
2	auth	0001_initial	2025-12-03 17:35:53.082312-03
3	admin	0001_initial	2025-12-03 17:35:53.108311-03
4	admin	0002_logentry_remove_auto_add	2025-12-03 17:35:53.119306-03
5	admin	0003_logentry_add_action_flag_choices	2025-12-03 17:35:53.12831-03
6	contenttypes	0002_remove_content_type_name	2025-12-03 17:35:53.144311-03
7	auth	0002_alter_permission_name_max_length	2025-12-03 17:35:53.151315-03
8	auth	0003_alter_user_email_max_length	2025-12-03 17:35:53.158312-03
9	auth	0004_alter_user_username_opts	2025-12-03 17:35:53.164312-03
10	auth	0005_alter_user_last_login_null	2025-12-03 17:35:53.175314-03
11	auth	0006_require_contenttypes_0002	2025-12-03 17:35:53.179313-03
12	auth	0007_alter_validators_add_error_messages	2025-12-03 17:35:53.184306-03
13	auth	0008_alter_user_username_max_length	2025-12-03 17:35:53.197314-03
14	auth	0009_alter_user_last_name_max_length	2025-12-03 17:35:53.20331-03
15	auth	0010_alter_group_name_max_length	2025-12-03 17:35:53.21031-03
16	auth	0011_update_proxy_permissions	2025-12-03 17:35:53.216316-03
17	auth	0012_alter_user_first_name_max_length	2025-12-03 17:35:53.222309-03
18	eventos	0001_initial	2025-12-03 17:35:53.288309-03
19	sessions	0001_initial	2025-12-03 17:35:53.300314-03
\.


--
-- Data for Name: django_session; Type: TABLE DATA; Schema: public; Owner: postgres
--

COPY public.django_session (session_key, session_data, expire_date) FROM stdin;
w382494zdir9g098565a8m13zl92rx5m	.eJxVjDEOwjAMRe-SGUWNXNeEkZ0zRHbikgJKpKadEHenlTrA-t77_20Cr0sOa9M5TMlcjDOnXyYcn1p2kR5c7tXGWpZ5Ersn9rDN3mrS1_Vo_w4yt7ytO0xyFnTiGdD7vmdUIlBUjJ4GcN4JdkIIKskLQEKgDfbsxmEkNZ8vzXM3Uw:1vScdy:yiRZfnoshX4Ct0Ku_5FYf6KWxAeFQduRWiYtR3mBTWI	2025-12-22 11:55:18.20386-03
\.


--
-- Data for Name: eventos_alumno; Type: TABLE DATA; Schema: public; Owner: postgres
--

COPY public.eventos_alumno (id, rut, user_id, carrera_id) FROM stdin;
1	12444555-8	3	1
3	17266269-2	4	1
4	11111111-1	5	2
5	11.111.111-1	6	5
6	5222222-5	7	4
7	16095492-2	8	6
\.


--
-- Data for Name: eventos_carrera; Type: TABLE DATA; Schema: public; Owner: postgres
--

COPY public.eventos_carrera (id, nombre) FROM stdin;
1	Analista Programador
2	Contabilidad Gneral
3	Cyberseguridad
4	Administración de Empresas
5	Parvulos
6	Tecnico en Redes
\.


--
-- Data for Name: eventos_evento; Type: TABLE DATA; Schema: public; Owner: postgres
--

COPY public.eventos_evento (id, titulo, descripcion, fecha, hora_inicio, hora_fin, cupo_maximo) FROM stdin;
1	python manage.py runserver	Charla introductoria al framework Django, orientada a estudiantes que comienzan en el desarrollo web con Python. Se revisarán conceptos básicos como proyectos, apps, vistas y templates.	2025-12-08	02:41:47	06:00:00	20
2	Taller de Git y GitHub para estudiantes	Charla sobre buenas prácticas de seguridad en aplicaciones web, incluyendo autenticación, manejo de permisos y protección contra ataques comunes.	2025-12-09	02:42:45	06:00:00	20
3	Seminario: Salidas laborales en el área TI	Seminario orientado a estudiantes de informática sobre oportunidades laborales, perfiles más demandados y consejos para la inserción en el mundo laboral TI.	2025-12-16	02:43:27	06:00:00	20
4	clases de tenis de mesa	calses para todos los interesados	2025-12-18	02:51:08	12:00:00	20
5	Charla Profesional	Charla sobre carreras	2025-12-16	14:47:06	12:00:00	10
\.


--
-- Data for Name: eventos_inscripcion; Type: TABLE DATA; Schema: public; Owner: postgres
--

COPY public.eventos_inscripcion (id, fecha_inscripcion, alumno_id, evento_id) FROM stdin;
4	2025-12-08 11:04:49.766177-03	3	2
5	2025-12-08 11:21:01.569778-03	3	1
6	2025-12-08 11:46:18.064434-03	7	4
7	2025-12-08 11:47:33.874258-03	6	5
8	2025-12-08 11:47:37.983528-03	6	4
9	2025-12-08 11:47:42.065322-03	6	2
10	2025-12-08 11:48:07.939156-03	4	1
11	2025-12-08 11:48:10.059592-03	4	3
13	2025-12-08 11:48:18.78461-03	4	4
\.


--
-- Name: auth_group_id_seq; Type: SEQUENCE SET; Schema: public; Owner: postgres
--

SELECT pg_catalog.setval('public.auth_group_id_seq', 1, false);


--
-- Name: auth_group_permissions_id_seq; Type: SEQUENCE SET; Schema: public; Owner: postgres
--

SELECT pg_catalog.setval('public.auth_group_permissions_id_seq', 1, false);


--
-- Name: auth_permission_id_seq; Type: SEQUENCE SET; Schema: public; Owner: postgres
--

SELECT pg_catalog.setval('public.auth_permission_id_seq', 40, true);


--
-- Name: auth_user_groups_id_seq; Type: SEQUENCE SET; Schema: public; Owner: postgres
--

SELECT pg_catalog.setval('public.auth_user_groups_id_seq', 1, false);


--
-- Name: auth_user_id_seq; Type: SEQUENCE SET; Schema: public; Owner: postgres
--

SELECT pg_catalog.setval('public.auth_user_id_seq', 8, true);


--
-- Name: auth_user_user_permissions_id_seq; Type: SEQUENCE SET; Schema: public; Owner: postgres
--

SELECT pg_catalog.setval('public.auth_user_user_permissions_id_seq', 1, false);


--
-- Name: django_admin_log_id_seq; Type: SEQUENCE SET; Schema: public; Owner: postgres
--

SELECT pg_catalog.setval('public.django_admin_log_id_seq', 27, true);


--
-- Name: django_content_type_id_seq; Type: SEQUENCE SET; Schema: public; Owner: postgres
--

SELECT pg_catalog.setval('public.django_content_type_id_seq', 10, true);


--
-- Name: django_migrations_id_seq; Type: SEQUENCE SET; Schema: public; Owner: postgres
--

SELECT pg_catalog.setval('public.django_migrations_id_seq', 19, true);


--
-- Name: eventos_alumno_id_seq; Type: SEQUENCE SET; Schema: public; Owner: postgres
--

SELECT pg_catalog.setval('public.eventos_alumno_id_seq', 7, true);


--
-- Name: eventos_carrera_id_seq; Type: SEQUENCE SET; Schema: public; Owner: postgres
--

SELECT pg_catalog.setval('public.eventos_carrera_id_seq', 6, true);


--
-- Name: eventos_evento_id_seq; Type: SEQUENCE SET; Schema: public; Owner: postgres
--

SELECT pg_catalog.setval('public.eventos_evento_id_seq', 5, true);


--
-- Name: eventos_inscripcion_id_seq; Type: SEQUENCE SET; Schema: public; Owner: postgres
--

SELECT pg_catalog.setval('public.eventos_inscripcion_id_seq', 13, true);


--
-- Name: auth_group auth_group_name_key; Type: CONSTRAINT; Schema: public; Owner: postgres
--

ALTER TABLE ONLY public.auth_group
    ADD CONSTRAINT auth_group_name_key UNIQUE (name);


--
-- Name: auth_group_permissions auth_group_permissions_group_id_permission_id_0cd325b0_uniq; Type: CONSTRAINT; Schema: public; Owner: postgres
--

ALTER TABLE ONLY public.auth_group_permissions
    ADD CONSTRAINT auth_group_permissions_group_id_permission_id_0cd325b0_uniq UNIQUE (group_id, permission_id);


--
-- Name: auth_group_permissions auth_group_permissions_pkey; Type: CONSTRAINT; Schema: public; Owner: postgres
--

ALTER TABLE ONLY public.auth_group_permissions
    ADD CONSTRAINT auth_group_permissions_pkey PRIMARY KEY (id);


--
-- Name: auth_group auth_group_pkey; Type: CONSTRAINT; Schema: public; Owner: postgres
--

ALTER TABLE ONLY public.auth_group
    ADD CONSTRAINT auth_group_pkey PRIMARY KEY (id);


--
-- Name: auth_permission auth_permission_content_type_id_codename_01ab375a_uniq; Type: CONSTRAINT; Schema: public; Owner: postgres
--

ALTER TABLE ONLY public.auth_permission
    ADD CONSTRAINT auth_permission_content_type_id_codename_01ab375a_uniq UNIQUE (content_type_id, codename);


--
-- Name: auth_permission auth_permission_pkey; Type: CONSTRAINT; Schema: public; Owner: postgres
--

ALTER TABLE ONLY public.auth_permission
    ADD CONSTRAINT auth_permission_pkey PRIMARY KEY (id);


--
-- Name: auth_user_groups auth_user_groups_pkey; Type: CONSTRAINT; Schema: public; Owner: postgres
--

ALTER TABLE ONLY public.auth_user_groups
    ADD CONSTRAINT auth_user_groups_pkey PRIMARY KEY (id);


--
-- Name: auth_user_groups auth_user_groups_user_id_group_id_94350c0c_uniq; Type: CONSTRAINT; Schema: public; Owner: postgres
--

ALTER TABLE ONLY public.auth_user_groups
    ADD CONSTRAINT auth_user_groups_user_id_group_id_94350c0c_uniq UNIQUE (user_id, group_id);


--
-- Name: auth_user auth_user_pkey; Type: CONSTRAINT; Schema: public; Owner: postgres
--

ALTER TABLE ONLY public.auth_user
    ADD CONSTRAINT auth_user_pkey PRIMARY KEY (id);


--
-- Name: auth_user_user_permissions auth_user_user_permissions_pkey; Type: CONSTRAINT; Schema: public; Owner: postgres
--

ALTER TABLE ONLY public.auth_user_user_permissions
    ADD CONSTRAINT auth_user_user_permissions_pkey PRIMARY KEY (id);


--
-- Name: auth_user_user_permissions auth_user_user_permissions_user_id_permission_id_14a6b632_uniq; Type: CONSTRAINT; Schema: public; Owner: postgres
--

ALTER TABLE ONLY public.auth_user_user_permissions
    ADD CONSTRAINT auth_user_user_permissions_user_id_permission_id_14a6b632_uniq UNIQUE (user_id, permission_id);


--
-- Name: auth_user auth_user_username_key; Type: CONSTRAINT; Schema: public; Owner: postgres
--

ALTER TABLE ONLY public.auth_user
    ADD CONSTRAINT auth_user_username_key UNIQUE (username);


--
-- Name: django_admin_log django_admin_log_pkey; Type: CONSTRAINT; Schema: public; Owner: postgres
--

ALTER TABLE ONLY public.django_admin_log
    ADD CONSTRAINT django_admin_log_pkey PRIMARY KEY (id);


--
-- Name: django_content_type django_content_type_app_label_model_76bd3d3b_uniq; Type: CONSTRAINT; Schema: public; Owner: postgres
--

ALTER TABLE ONLY public.django_content_type
    ADD CONSTRAINT django_content_type_app_label_model_76bd3d3b_uniq UNIQUE (app_label, model);


--
-- Name: django_content_type django_content_type_pkey; Type: CONSTRAINT; Schema: public; Owner: postgres
--

ALTER TABLE ONLY public.django_content_type
    ADD CONSTRAINT django_content_type_pkey PRIMARY KEY (id);


--
-- Name: django_migrations django_migrations_pkey; Type: CONSTRAINT; Schema: public; Owner: postgres
--

ALTER TABLE ONLY public.django_migrations
    ADD CONSTRAINT django_migrations_pkey PRIMARY KEY (id);


--
-- Name: django_session django_session_pkey; Type: CONSTRAINT; Schema: public; Owner: postgres
--

ALTER TABLE ONLY public.django_session
    ADD CONSTRAINT django_session_pkey PRIMARY KEY (session_key);


--
-- Name: eventos_alumno eventos_alumno_pkey; Type: CONSTRAINT; Schema: public; Owner: postgres
--

ALTER TABLE ONLY public.eventos_alumno
    ADD CONSTRAINT eventos_alumno_pkey PRIMARY KEY (id);


--
-- Name: eventos_alumno eventos_alumno_rut_key; Type: CONSTRAINT; Schema: public; Owner: postgres
--

ALTER TABLE ONLY public.eventos_alumno
    ADD CONSTRAINT eventos_alumno_rut_key UNIQUE (rut);


--
-- Name: eventos_alumno eventos_alumno_user_id_key; Type: CONSTRAINT; Schema: public; Owner: postgres
--

ALTER TABLE ONLY public.eventos_alumno
    ADD CONSTRAINT eventos_alumno_user_id_key UNIQUE (user_id);


--
-- Name: eventos_carrera eventos_carrera_pkey; Type: CONSTRAINT; Schema: public; Owner: postgres
--

ALTER TABLE ONLY public.eventos_carrera
    ADD CONSTRAINT eventos_carrera_pkey PRIMARY KEY (id);


--
-- Name: eventos_evento eventos_evento_pkey; Type: CONSTRAINT; Schema: public; Owner: postgres
--

ALTER TABLE ONLY public.eventos_evento
    ADD CONSTRAINT eventos_evento_pkey PRIMARY KEY (id);


--
-- Name: eventos_inscripcion eventos_inscripcion_alumno_id_evento_id_206df9aa_uniq; Type: CONSTRAINT; Schema: public; Owner: postgres
--

ALTER TABLE ONLY public.eventos_inscripcion
    ADD CONSTRAINT eventos_inscripcion_alumno_id_evento_id_206df9aa_uniq UNIQUE (alumno_id, evento_id);


--
-- Name: eventos_inscripcion eventos_inscripcion_pkey; Type: CONSTRAINT; Schema: public; Owner: postgres
--

ALTER TABLE ONLY public.eventos_inscripcion
    ADD CONSTRAINT eventos_inscripcion_pkey PRIMARY KEY (id);


--
-- Name: auth_group_name_a6ea08ec_like; Type: INDEX; Schema: public; Owner: postgres
--

CREATE INDEX auth_group_name_a6ea08ec_like ON public.auth_group USING btree (name varchar_pattern_ops);


--
-- Name: auth_group_permissions_group_id_b120cbf9; Type: INDEX; Schema: public; Owner: postgres
--

CREATE INDEX auth_group_permissions_group_id_b120cbf9 ON public.auth_group_permissions USING btree (group_id);


--
-- Name: auth_group_permissions_permission_id_84c5c92e; Type: INDEX; Schema: public; Owner: postgres
--

CREATE INDEX auth_group_permissions_permission_id_84c5c92e ON public.auth_group_permissions USING btree (permission_id);


--
-- Name: auth_permission_content_type_id_2f476e4b; Type: INDEX; Schema: public; Owner: postgres
--

CREATE INDEX auth_permission_content_type_id_2f476e4b ON public.auth_permission USING btree (content_type_id);


--
-- Name: auth_user_groups_group_id_97559544; Type: INDEX; Schema: public; Owner: postgres
--

CREATE INDEX auth_user_groups_group_id_97559544 ON public.auth_user_groups USING btree (group_id);


--
-- Name: auth_user_groups_user_id_6a12ed8b; Type: INDEX; Schema: public; Owner: postgres
--

CREATE INDEX auth_user_groups_user_id_6a12ed8b ON public.auth_user_groups USING btree (user_id);


--
-- Name: auth_user_user_permissions_permission_id_1fbb5f2c; Type: INDEX; Schema: public; Owner: postgres
--

CREATE INDEX auth_user_user_permissions_permission_id_1fbb5f2c ON public.auth_user_user_permissions USING btree (permission_id);


--
-- Name: auth_user_user_permissions_user_id_a95ead1b; Type: INDEX; Schema: public; Owner: postgres
--

CREATE INDEX auth_user_user_permissions_user_id_a95ead1b ON public.auth_user_user_permissions USING btree (user_id);


--
-- Name: auth_user_username_6821ab7c_like; Type: INDEX; Schema: public; Owner: postgres
--

CREATE INDEX auth_user_username_6821ab7c_like ON public.auth_user USING btree (username varchar_pattern_ops);


--
-- Name: django_admin_log_content_type_id_c4bce8eb; Type: INDEX; Schema: public; Owner: postgres
--

CREATE INDEX django_admin_log_content_type_id_c4bce8eb ON public.django_admin_log USING btree (content_type_id);


--
-- Name: django_admin_log_user_id_c564eba6; Type: INDEX; Schema: public; Owner: postgres
--

CREATE INDEX django_admin_log_user_id_c564eba6 ON public.django_admin_log USING btree (user_id);


--
-- Name: django_session_expire_date_a5c62663; Type: INDEX; Schema: public; Owner: postgres
--

CREATE INDEX django_session_expire_date_a5c62663 ON public.django_session USING btree (expire_date);


--
-- Name: django_session_session_key_c0390e0f_like; Type: INDEX; Schema: public; Owner: postgres
--

CREATE INDEX django_session_session_key_c0390e0f_like ON public.django_session USING btree (session_key varchar_pattern_ops);


--
-- Name: eventos_alumno_carrera_id_16871ba3; Type: INDEX; Schema: public; Owner: postgres
--

CREATE INDEX eventos_alumno_carrera_id_16871ba3 ON public.eventos_alumno USING btree (carrera_id);


--
-- Name: eventos_alumno_rut_21cb036b_like; Type: INDEX; Schema: public; Owner: postgres
--

CREATE INDEX eventos_alumno_rut_21cb036b_like ON public.eventos_alumno USING btree (rut varchar_pattern_ops);


--
-- Name: eventos_inscripcion_alumno_id_2fcce4c7; Type: INDEX; Schema: public; Owner: postgres
--

CREATE INDEX eventos_inscripcion_alumno_id_2fcce4c7 ON public.eventos_inscripcion USING btree (alumno_id);


--
-- Name: eventos_inscripcion_evento_id_cc651ed8; Type: INDEX; Schema: public; Owner: postgres
--

CREATE INDEX eventos_inscripcion_evento_id_cc651ed8 ON public.eventos_inscripcion USING btree (evento_id);


--
-- Name: auth_group_permissions auth_group_permissio_permission_id_84c5c92e_fk_auth_perm; Type: FK CONSTRAINT; Schema: public; Owner: postgres
--

ALTER TABLE ONLY public.auth_group_permissions
    ADD CONSTRAINT auth_group_permissio_permission_id_84c5c92e_fk_auth_perm FOREIGN KEY (permission_id) REFERENCES public.auth_permission(id) DEFERRABLE INITIALLY DEFERRED;


--
-- Name: auth_group_permissions auth_group_permissions_group_id_b120cbf9_fk_auth_group_id; Type: FK CONSTRAINT; Schema: public; Owner: postgres
--

ALTER TABLE ONLY public.auth_group_permissions
    ADD CONSTRAINT auth_group_permissions_group_id_b120cbf9_fk_auth_group_id FOREIGN KEY (group_id) REFERENCES public.auth_group(id) DEFERRABLE INITIALLY DEFERRED;


--
-- Name: auth_permission auth_permission_content_type_id_2f476e4b_fk_django_co; Type: FK CONSTRAINT; Schema: public; Owner: postgres
--

ALTER TABLE ONLY public.auth_permission
    ADD CONSTRAINT auth_permission_content_type_id_2f476e4b_fk_django_co FOREIGN KEY (content_type_id) REFERENCES public.django_content_type(id) DEFERRABLE INITIALLY DEFERRED;


--
-- Name: auth_user_groups auth_user_groups_group_id_97559544_fk_auth_group_id; Type: FK CONSTRAINT; Schema: public; Owner: postgres
--

ALTER TABLE ONLY public.auth_user_groups
    ADD CONSTRAINT auth_user_groups_group_id_97559544_fk_auth_group_id FOREIGN KEY (group_id) REFERENCES public.auth_group(id) DEFERRABLE INITIALLY DEFERRED;


--
-- Name: auth_user_groups auth_user_groups_user_id_6a12ed8b_fk_auth_user_id; Type: FK CONSTRAINT; Schema: public; Owner: postgres
--

ALTER TABLE ONLY public.auth_user_groups
    ADD CONSTRAINT auth_user_groups_user_id_6a12ed8b_fk_auth_user_id FOREIGN KEY (user_id) REFERENCES public.auth_user(id) DEFERRABLE INITIALLY DEFERRED;


--
-- Name: auth_user_user_permissions auth_user_user_permi_permission_id_1fbb5f2c_fk_auth_perm; Type: FK CONSTRAINT; Schema: public; Owner: postgres
--

ALTER TABLE ONLY public.auth_user_user_permissions
    ADD CONSTRAINT auth_user_user_permi_permission_id_1fbb5f2c_fk_auth_perm FOREIGN KEY (permission_id) REFERENCES public.auth_permission(id) DEFERRABLE INITIALLY DEFERRED;


--
-- Name: auth_user_user_permissions auth_user_user_permissions_user_id_a95ead1b_fk_auth_user_id; Type: FK CONSTRAINT; Schema: public; Owner: postgres
--

ALTER TABLE ONLY public.auth_user_user_permissions
    ADD CONSTRAINT auth_user_user_permissions_user_id_a95ead1b_fk_auth_user_id FOREIGN KEY (user_id) REFERENCES public.auth_user(id) DEFERRABLE INITIALLY DEFERRED;


--
-- Name: django_admin_log django_admin_log_content_type_id_c4bce8eb_fk_django_co; Type: FK CONSTRAINT; Schema: public; Owner: postgres
--

ALTER TABLE ONLY public.django_admin_log
    ADD CONSTRAINT django_admin_log_content_type_id_c4bce8eb_fk_django_co FOREIGN KEY (content_type_id) REFERENCES public.django_content_type(id) DEFERRABLE INITIALLY DEFERRED;


--
-- Name: django_admin_log django_admin_log_user_id_c564eba6_fk_auth_user_id; Type: FK CONSTRAINT; Schema: public; Owner: postgres
--

ALTER TABLE ONLY public.django_admin_log
    ADD CONSTRAINT django_admin_log_user_id_c564eba6_fk_auth_user_id FOREIGN KEY (user_id) REFERENCES public.auth_user(id) DEFERRABLE INITIALLY DEFERRED;


--
-- Name: eventos_alumno eventos_alumno_carrera_id_16871ba3_fk_eventos_carrera_id; Type: FK CONSTRAINT; Schema: public; Owner: postgres
--

ALTER TABLE ONLY public.eventos_alumno
    ADD CONSTRAINT eventos_alumno_carrera_id_16871ba3_fk_eventos_carrera_id FOREIGN KEY (carrera_id) REFERENCES public.eventos_carrera(id) DEFERRABLE INITIALLY DEFERRED;


--
-- Name: eventos_alumno eventos_alumno_user_id_c7e53827_fk_auth_user_id; Type: FK CONSTRAINT; Schema: public; Owner: postgres
--

ALTER TABLE ONLY public.eventos_alumno
    ADD CONSTRAINT eventos_alumno_user_id_c7e53827_fk_auth_user_id FOREIGN KEY (user_id) REFERENCES public.auth_user(id) DEFERRABLE INITIALLY DEFERRED;


--
-- Name: eventos_inscripcion eventos_inscripcion_alumno_id_2fcce4c7_fk_eventos_alumno_id; Type: FK CONSTRAINT; Schema: public; Owner: postgres
--

ALTER TABLE ONLY public.eventos_inscripcion
    ADD CONSTRAINT eventos_inscripcion_alumno_id_2fcce4c7_fk_eventos_alumno_id FOREIGN KEY (alumno_id) REFERENCES public.eventos_alumno(id) DEFERRABLE INITIALLY DEFERRED;


--
-- Name: eventos_inscripcion eventos_inscripcion_evento_id_cc651ed8_fk_eventos_evento_id; Type: FK CONSTRAINT; Schema: public; Owner: postgres
--

ALTER TABLE ONLY public.eventos_inscripcion
    ADD CONSTRAINT eventos_inscripcion_evento_id_cc651ed8_fk_eventos_evento_id FOREIGN KEY (evento_id) REFERENCES public.eventos_evento(id) DEFERRABLE INITIALLY DEFERRED;


--
-- PostgreSQL database dump complete
--

\unrestrict aydbhoxlNdJYSPifNMsMivD0yMIWUwmu0EabqV76G7dAM16tdJvhfoCqRh77aia

